{
  "session_id": "13ca1f8c-cb84-44fe-9ec0-9f1fa7be672b",
  "config": {
    "environment_type": "medium",
    "num_episodes": 100,
    "learning_rate": 0.0003,
    "gamma": 0.99,
    "use_rag": false,
    "use_llm_shaping": false,
    "heterogeneous": false,
    "algorithms": null
  },
  "rewards": [
    569.0,
    -116.0,
    728.0,
    296.0,
    363.0,
    510.0,
    882.0,
    620.0,
    331.0,
    573.0,
    130.0,
    480.0,
    376.0,
    889.0,
    1134.0,
    435.0,
    618.0,
    769.0,
    469.0,
    311.0,
    661.0,
    764.0,
    264.0,
    516.0,
    1234.0,
    614.0,
    744.0,
    1071.0,
    14.0,
    719.0,
    658.0,
    942.0,
    153.0,
    579.0,
    662.0,
    669.0,
    1048.0,
    438.0,
    746.0,
    257.0,
    804.0,
    959.0,
    442.0,
    278.0,
    768.0,
    171.0,
    316.0,
    685.0,
    839.0,
    409.0,
    614.0,
    524.0,
    245.0,
    762.0,
    393.0,
    891.0,
    206.0,
    181.0,
    507.0,
    149.0,
    176.0,
    977.0,
    429.0,
    71.0,
    1036.0,
    207.0,
    371.0,
    614.0,
    655.0,
    207.0,
    906.0,
    571.0,
    815.0,
    694.0,
    903.0,
    1014.0,
    137.0,
    1177.0,
    636.0,
    176.0,
    739.0,
    278.0,
    849.0,
    691.0,
    149.0,
    872.0,
    884.0,
    1104.0,
    581.0,
    761.0,
    816.0,
    467.0,
    435.0,
    708.0,
    725.0,
    126.0,
    678.0,
    708.0,
    625.0
  ],
  "episode_lengths": [
    100,
    100,
    100,
    100,
    100,
    100,
    100,
    100,
    100,
    100,
    100,
    100,
    77,
    100,
    100,
    100,
    100,
    100,
    100,
    100,
    100,
    100,
    100,
    100,
    100,
    100,
    100,
    100,
    100,
    100,
    100,
    82,
    100,
    100,
    100,
    100,
    100,
    100,
    100,
    100,
    100,
    100,
    100,
    100,
    100,
    100,
    100,
    100,
    100,
    100,
    100,
    100,
    100,
    100,
    100,
    100,
    100,
    100,
    100,
    100,
    100,
    100,
    100,
    100,
    100,
    100,
    100,
    100,
    70,
    100,
    100,
    100,
    100,
    100,
    100,
    100,
    100,
    100,
    100,
    100,
    100,
    100,
    100,
    100,
    100,
    100,
    100,
    100,
    100,
    100,
    100,
    100,
    51,
    100,
    100,
    100,
    100,
    100,
    100
  ],
  "success_rates": [
    0.6666666666666666,
    0.0,
    0.6666666666666666,
    0.3333333333333333,
    0.3333333333333333,
    0.6666666666666666,
    0.6666666666666666,
    0.3333333333333333,
    0.3333333333333333,
    0.3333333333333333,
    0.0,
    0.3333333333333333,
    1.0,
    0.6666666666666666,
    0.6666666666666666,
    0.3333333333333333,
    0.3333333333333333,
    0.3333333333333333,
    0.3333333333333333,
    0.3333333333333333,
    0.3333333333333333,
    0.3333333333333333,
    0.3333333333333333,
    0.3333333333333333,
    0.6666666666666666,
    0.3333333333333333,
    0.3333333333333333,
    0.6666666666666666,
    0.0,
    0.3333333333333333,
    0.3333333333333333,
    1.0,
    0.0,
    0.3333333333333333,
    0.3333333333333333,
    0.3333333333333333,
    0.6666666666666666,
    0.3333333333333333,
    0.6666666666666666,
    0.0,
    0.3333333333333333,
    0.6666666666666666,
    0.3333333333333333,
    0.3333333333333333,
    0.3333333333333333,
    0.0,
    0.3333333333333333,
    0.6666666666666666,
    0.6666666666666666,
    0.3333333333333333,
    0.3333333333333333,
    0.3333333333333333,
    0.0,
    0.6666666666666666,
    0.3333333333333333,
    0.6666666666666666,
    0.0,
    0.0,
    0.3333333333333333,
    0.0,
    0.0,
    0.6666666666666666,
    0.3333333333333333,
    0.0,
    0.6666666666666666,
    0.0,
    0.3333333333333333,
    0.3333333333333333,
    1.0,
    0.0,
    0.6666666666666666,
    0.3333333333333333,
    0.6666666666666666,
    0.6666666666666666,
    0.6666666666666666,
    0.6666666666666666,
    0.0,
    0.6666666666666666,
    0.3333333333333333,
    0.0,
    0.3333333333333333,
    0.3333333333333333,
    0.6666666666666666,
    0.3333333333333333,
    0.0,
    0.6666666666666666,
    0.6666666666666666,
    0.6666666666666666,
    0.6666666666666666,
    0.3333333333333333,
    0.6666666666666666,
    0.3333333333333333,
    1.0,
    0.3333333333333333,
    0.3333333333333333,
    0.0,
    0.3333333333333333,
    0.3333333333333333,
    0.3333333333333333
  ],
  "collision_counts": [
    15,
    32,
    21,
    42,
    16,
    26,
    21,
    18,
    26,
    19,
    27,
    34,
    26,
    16,
    20,
    18,
    24,
    10,
    27,
    41,
    18,
    19,
    19,
    16,
    6,
    21,
    16,
    17,
    22,
    7,
    6,
    5,
    32,
    12,
    34,
    4,
    9,
    24,
    16,
    10,
    7,
    10,
    25,
    33,
    17,
    27,
    27,
    15,
    22,
    32,
    41,
    51,
    23,
    20,
    16,
    17,
    26,
    29,
    16,
    24,
    24,
    16,
    20,
    45,
    7,
    20,
    30,
    17,
    18,
    17,
    9,
    35,
    18,
    12,
    5,
    36,
    21,
    10,
    9,
    20,
    14,
    41,
    10,
    8,
    26,
    16,
    7,
    10,
    17,
    19,
    6,
    25,
    7,
    10,
    20,
    35,
    26,
    11,
    38
  ],
  "rag_stats": null,
  "use_rag": false,
  "use_llm_shaping": false,
  "agent_performance": [
    {
      "agentId": 0,
      "avgReward": 3.7373737373737375,
      "successRate": 0.48484848484848486,
      "collisions": 2005,
      "algorithm": "mappo"
    },
    {
      "agentId": 1,
      "avgReward": 2.6161616161616164,
      "successRate": 0.15151515151515152,
      "collisions": 2005,
      "algorithm": "mappo"
    },
    {
      "agentId": 2,
      "avgReward": 3.888888888888889,
      "successRate": 0.5555555555555556,
      "collisions": 2005,
      "algorithm": "mappo"
    }
  ],
  "saved_at": "2026-05-13T00:14:57.234406",
  "heterogeneous": false,
  "algorithms": [
    {
      "agent_id": 0,
      "algorithm": "mappo"
    },
    {
      "agent_id": 1,
      "algorithm": "mappo"
    },
    {
      "agent_id": 2,
      "algorithm": "mappo"
    }
  ]
}