{
  "session_id": "15b9ef1c-a78b-40bc-9116-7f1269f6155b",
  "config": {
    "environment_type": "medium",
    "num_episodes": 100,
    "learning_rate": 0.0003,
    "gamma": 0.99,
    "use_rag": false,
    "use_llm_shaping": false,
    "heterogeneous": false,
    "algorithms": null
  },
  "rewards": [
    615.0,
    -138.0,
    626.0,
    627.0,
    -88.0,
    -54.0,
    112.0,
    129.0,
    -44.0,
    1035.0,
    538.0,
    672.0,
    587.0,
    827.0,
    117.0,
    305.0,
    487.0,
    -45.0,
    454.0,
    666.0,
    191.0,
    523.0,
    596.0,
    593.0,
    783.0,
    898.0,
    666.0,
    861.0,
    135.0,
    983.0,
    264.0,
    631.0,
    1054.0,
    106.0,
    605.0,
    390.0,
    459.0,
    114.0,
    15.0,
    1095.0,
    50.0,
    223.0,
    510.0,
    -198.0,
    -18.0,
    1179.0,
    641.0,
    1194.0,
    338.0,
    758.0,
    916.0,
    1064.0,
    599.0,
    530.0,
    75.0,
    822.0,
    1129.0,
    246.0,
    50.0,
    737.0,
    772.0,
    374.0,
    681.0,
    161.0,
    225.0,
    958.0,
    150.0,
    635.0,
    611.0,
    191.0,
    586.0,
    1377.0,
    202.0,
    383.0,
    807.0,
    194.0,
    801.0,
    408.0,
    193.0,
    832.0,
    436.0,
    178.0,
    70.0,
    674.0,
    595.0,
    397.0,
    1267.0,
    342.0,
    602.0,
    970.0,
    326.0,
    349.0,
    156.0,
    184.0,
    585.0,
    312.0,
    379.0,
    462.0,
    134.0
  ],
  "episode_lengths": [
    100,
    100,
    100,
    100,
    100,
    100,
    100,
    100,
    100,
    100,
    100,
    100,
    100,
    100,
    100,
    100,
    100,
    100,
    100,
    100,
    100,
    100,
    100,
    100,
    100,
    100,
    100,
    100,
    100,
    100,
    100,
    100,
    99,
    100,
    100,
    100,
    100,
    100,
    100,
    100,
    100,
    100,
    100,
    100,
    100,
    100,
    100,
    100,
    100,
    100,
    100,
    100,
    93,
    100,
    100,
    100,
    100,
    100,
    100,
    100,
    100,
    100,
    100,
    100,
    100,
    100,
    100,
    100,
    100,
    100,
    100,
    100,
    100,
    100,
    100,
    100,
    100,
    100,
    100,
    100,
    100,
    100,
    100,
    100,
    100,
    100,
    100,
    82,
    100,
    89,
    100,
    100,
    100,
    100,
    100,
    100,
    100,
    100,
    100
  ],
  "success_rates": [
    0.3333333333333333,
    0.0,
    0.3333333333333333,
    0.6666666666666666,
    0.0,
    0.0,
    0.0,
    0.3333333333333333,
    0.0,
    0.6666666666666666,
    0.3333333333333333,
    0.3333333333333333,
    0.6666666666666666,
    0.6666666666666666,
    0.0,
    0.3333333333333333,
    0.3333333333333333,
    0.0,
    0.3333333333333333,
    0.3333333333333333,
    0.0,
    0.3333333333333333,
    0.3333333333333333,
    0.3333333333333333,
    0.3333333333333333,
    0.6666666666666666,
    0.3333333333333333,
    0.6666666666666666,
    0.0,
    0.6666666666666666,
    0.3333333333333333,
    0.3333333333333333,
    1.0,
    0.3333333333333333,
    0.3333333333333333,
    0.3333333333333333,
    0.3333333333333333,
    0.0,
    0.0,
    0.6666666666666666,
    0.0,
    0.3333333333333333,
    0.3333333333333333,
    0.0,
    0.0,
    0.6666666666666666,
    0.6666666666666666,
    0.6666666666666666,
    0.3333333333333333,
    0.3333333333333333,
    0.6666666666666666,
    0.6666666666666666,
    1.0,
    0.3333333333333333,
    0.0,
    0.3333333333333333,
    0.6666666666666666,
    0.0,
    0.0,
    0.6666666666666666,
    0.3333333333333333,
    0.3333333333333333,
    0.3333333333333333,
    0.0,
    0.3333333333333333,
    0.6666666666666666,
    0.0,
    0.3333333333333333,
    0.3333333333333333,
    0.0,
    0.6666666666666666,
    0.6666666666666666,
    0.0,
    0.3333333333333333,
    0.3333333333333333,
    0.0,
    0.3333333333333333,
    0.3333333333333333,
    0.0,
    0.3333333333333333,
    0.6666666666666666,
    0.0,
    0.0,
    0.6666666666666666,
    0.3333333333333333,
    0.3333333333333333,
    0.6666666666666666,
    1.0,
    0.3333333333333333,
    1.0,
    0.3333333333333333,
    0.3333333333333333,
    0.0,
    0.0,
    0.3333333333333333,
    0.3333333333333333,
    0.3333333333333333,
    0.3333333333333333,
    0.0
  ],
  "collision_counts": [
    29,
    66,
    16,
    31,
    57,
    38,
    37,
    36,
    37,
    18,
    37,
    16,
    31,
    14,
    34,
    30,
    39,
    44,
    24,
    14,
    17,
    32,
    45,
    29,
    6,
    32,
    23,
    25,
    32,
    15,
    42,
    30,
    17,
    82,
    26,
    26,
    20,
    41,
    55,
    16,
    42,
    26,
    31,
    98,
    57,
    12,
    18,
    6,
    29,
    16,
    10,
    33,
    18,
    35,
    33,
    10,
    11,
    23,
    32,
    29,
    10,
    42,
    6,
    37,
    40,
    9,
    31,
    27,
    18,
    28,
    40,
    1,
    27,
    35,
    8,
    35,
    11,
    22,
    25,
    9,
    40,
    28,
    56,
    15,
    21,
    25,
    4,
    29,
    29,
    10,
    38,
    39,
    37,
    15,
    6,
    19,
    41,
    23,
    45
  ],
  "rag_stats": {
    "totalQueries": 0,
    "successfulRetrievals": 0,
    "retrievalSuccessRate": 0,
    "totalMemories": 0
  },
  "agent_performance": [
    {
      "agentId": 0,
      "avgReward": 3.111111111111111,
      "successRate": 0.2828282828282828,
      "collisions": 2809,
      "algorithm": "mappo"
    },
    {
      "agentId": 1,
      "avgReward": 2.878787878787879,
      "successRate": 0.3939393939393939,
      "collisions": 2809,
      "algorithm": "mappo"
    },
    {
      "agentId": 2,
      "avgReward": 2.8484848484848486,
      "successRate": 0.3333333333333333,
      "collisions": 2809,
      "algorithm": "mappo"
    }
  ],
  "saved_at": "2026-05-12T23:04:46.281690",
  "heterogeneous": false,
  "algorithms": [
    {
      "agent_id": 0,
      "algorithm": "mappo"
    },
    {
      "agent_id": 1,
      "algorithm": "mappo"
    },
    {
      "agent_id": 2,
      "algorithm": "mappo"
    }
  ]
}