{
  "session_id": "436db6d9-7361-4712-b967-9fad5d436e2e",
  "config": {
    "environment_type": "complex",
    "num_episodes": 100,
    "learning_rate": 0.0003,
    "gamma": 0.99,
    "use_rag": true,
    "use_llm_shaping": true,
    "heterogeneous": false,
    "algorithms": null
  },
  "rewards": [
    1438.8999999999994,
    3045.176470588235,
    3187.513020743158,
    4470.390919864447,
    2193.0,
    1582.4149647421152,
    3688.0862068965516,
    2313.5133928571436,
    5530.658387405593,
    2745.592825034686,
    2943.63720296475,
    2343.1717261904764,
    3558.7607251487693,
    4112.974852466593,
    5065.185714285708,
    4154.868942439289,
    4177.663278388275,
    4060.146715722387,
    5545.084126984125,
    5409.266004930586,
    3220.764092664094,
    5792.033333333327,
    5736.719444444442,
    6328.971230662663,
    5766.380885311869,
    7641.233502472029,
    6134.3456941458635,
    3712.322046777087,
    6374.860187684259,
    5766.734701292771,
    5889.319100195278,
    5015.758540630184,
    5996.872736099803,
    4156.455533199196,
    7229.554708279706,
    6588.64413145539,
    6010.597222222223,
    3622.202702702703,
    4519.491521613015,
    1770.192156862745,
    4831.776462579278,
    4412.2562798443005,
    9358.042396313362,
    4457.5918253108375,
    7020.215966386552,
    4941.53271741758,
    7615.577777777784,
    5488.4749999999985,
    3177.758340758344,
    6080.783931365971,
    6630.934065934055,
    5451.580158730161,
    4644.223784194535,
    3916.766212534061,
    3084.233830845772,
    4885.537529274003,
    3694.979485534382,
    4719.172320617622,
    2629.0,
    7050.495696604082,
    2428.5714285714294,
    4490.403203092059,
    4019.0257936507924,
    3824.50471240471,
    3134.0,
    4449.544042544118,
    4534.230277185501,
    4493.71927339333,
    5627.119464439008,
    3248.0,
    3793.0341646695465,
    3367.2801587301624,
    3606.914285714289,
    4626.323994115952,
    5096.683212267961,
    1892.4087659189665,
    5401.068376068377,
    3824.5912568306007,
    6688.071291772241,
    2112.135416666667,
    2852.0,
    2703.3333333333335,
    4482.6886917136935,
    2358.0,
    3239.248351648352,
    7293.013888888898,
    4469.75727155727,
    5837.990079365087,
    4002.3190476190457,
    2571.84375,
    3916.3785662741548,
    3723.212520176545,
    5699.143227419459,
    4403.0,
    1845.4285714285716,
    3668.8,
    5899.409803921558,
    5324.296428571429,
    3302.3297619047594
  ],
  "episode_lengths": [
    150,
    150,
    150,
    150,
    150,
    150,
    150,
    150,
    150,
    150,
    150,
    150,
    150,
    150,
    150,
    150,
    150,
    150,
    150,
    150,
    150,
    150,
    150,
    150,
    150,
    150,
    150,
    150,
    150,
    150,
    150,
    150,
    150,
    150,
    150,
    150,
    150,
    150,
    150,
    150,
    150,
    150,
    150,
    150,
    150,
    150,
    150,
    150,
    150,
    150,
    150,
    150,
    150,
    150,
    150,
    150,
    150,
    150,
    150,
    150,
    150,
    150,
    150,
    150,
    150,
    150,
    150,
    150,
    150,
    150,
    150,
    150,
    150,
    150,
    150,
    150,
    150,
    150,
    150,
    150,
    150,
    150,
    150,
    150,
    150,
    150,
    150,
    150,
    150,
    150,
    150,
    150,
    150,
    150,
    150,
    150,
    150,
    150,
    150
  ],
  "success_rates": [
    0.0,
    0.25,
    0.25,
    0.25,
    0.0,
    0.25,
    0.5,
    0.0,
    0.5,
    0.25,
    0.0,
    0.0,
    0.0,
    0.25,
    0.25,
    0.25,
    0.25,
    0.0,
    0.25,
    0.25,
    0.25,
    0.25,
    0.0,
    0.25,
    0.25,
    0.25,
    0.0,
    0.0,
    0.0,
    0.0,
    0.25,
    0.25,
    0.25,
    0.0,
    0.5,
    0.25,
    0.0,
    0.0,
    0.0,
    0.0,
    0.0,
    0.0,
    0.5,
    0.0,
    0.5,
    0.0,
    0.0,
    0.25,
    0.0,
    0.0,
    0.25,
    0.0,
    0.0,
    0.0,
    0.0,
    0.25,
    0.0,
    0.0,
    0.0,
    0.0,
    0.0,
    0.0,
    0.0,
    0.0,
    0.25,
    0.0,
    0.25,
    0.25,
    0.5,
    0.25,
    0.25,
    0.0,
    0.0,
    0.0,
    0.25,
    0.0,
    0.25,
    0.25,
    0.25,
    0.0,
    0.0,
    0.25,
    0.5,
    0.0,
    0.0,
    0.25,
    0.25,
    0.0,
    0.25,
    0.25,
    0.5,
    0.0,
    0.25,
    0.25,
    0.0,
    0.25,
    0.0,
    0.25,
    0.25
  ],
  "collision_counts": [
    83,
    58,
    89,
    75,
    110,
    111,
    57,
    101,
    22,
    116,
    106,
    65,
    60,
    57,
    44,
    49,
    52,
    31,
    33,
    27,
    24,
    13,
    17,
    7,
    25,
    4,
    24,
    19,
    4,
    18,
    14,
    17,
    14,
    26,
    4,
    10,
    17,
    13,
    34,
    12,
    21,
    8,
    11,
    7,
    2,
    5,
    19,
    4,
    5,
    4,
    13,
    13,
    5,
    13,
    17,
    9,
    12,
    8,
    17,
    14,
    25,
    25,
    17,
    12,
    9,
    6,
    5,
    5,
    13,
    28,
    17,
    20,
    21,
    13,
    16,
    25,
    6,
    13,
    11,
    11,
    8,
    18,
    21,
    11,
    15,
    9,
    15,
    47,
    14,
    29,
    13,
    51,
    11,
    18,
    17,
    19,
    26,
    24,
    27
  ],
  "rag_stats": {
    "totalQueries": 29700,
    "successfulRetrievals": 44542,
    "retrievalSuccessRate": 1.4997306397306398,
    "totalMemories": 3444
  },
  "use_rag": true,
  "use_llm_shaping": true,
  "agent_performance": [
    {
      "agentId": 0,
      "avgReward": 9.339633331299998,
      "successRate": 0.13131313131313133,
      "collisions": 2560,
      "algorithm": "mappo"
    },
    {
      "agentId": 1,
      "avgReward": 9.004578371245039,
      "successRate": 0.15151515151515152,
      "collisions": 2560,
      "algorithm": "mappo"
    },
    {
      "agentId": 2,
      "avgReward": 9.213054154720822,
      "successRate": 0.12121212121212122,
      "collisions": 2560,
      "algorithm": "mappo"
    },
    {
      "agentId": 3,
      "avgReward": 8.137929587929587,
      "successRate": 0.18181818181818182,
      "collisions": 2560,
      "algorithm": "mappo"
    }
  ],
  "saved_at": "2026-05-13T00:26:52.609839",
  "heterogeneous": false,
  "algorithms": [
    {
      "agent_id": 0,
      "algorithm": "mappo"
    },
    {
      "agent_id": 1,
      "algorithm": "mappo"
    },
    {
      "agent_id": 2,
      "algorithm": "mappo"
    },
    {
      "agent_id": 3,
      "algorithm": "mappo"
    }
  ]
}