{
  "session_id": "6172a82a-b010-4d7b-a1db-d5536f8944b4",
  "config": {
    "environment_type": "simple",
    "num_episodes": 100,
    "learning_rate": 0.0003,
    "gamma": 0.99,
    "use_rag": false,
    "use_llm_shaping": false,
    "heterogeneous": false,
    "algorithms": null
  },
  "rewards": [
    150.0,
    386.0,
    342.0,
    154.0,
    -19.0,
    295.0,
    10.0,
    305.0,
    177.0,
    252.0,
    264.0,
    276.0,
    0.0,
    310.0,
    -22.0,
    335.0,
    9.0,
    293.0,
    276.0,
    42.0,
    149.0,
    360.0,
    319.0,
    31.0,
    176.0,
    164.0,
    337.0,
    289.0,
    207.0,
    406.0,
    373.0,
    -2.0,
    332.0,
    363.0,
    362.0,
    307.0,
    276.0,
    319.0,
    266.0
  ],
  "episode_lengths": [
    50,
    46,
    44,
    50,
    50,
    50,
    50,
    50,
    11,
    30,
    50,
    50,
    50,
    43,
    50,
    41,
    50,
    50,
    50,
    50,
    50,
    50,
    50,
    50,
    50,
    50,
    50,
    50,
    48,
    50,
    50,
    50,
    50,
    50,
    50,
    33,
    50,
    30,
    50
  ],
  "success_rates": [
    0.5,
    1.0,
    1.0,
    0.5,
    0.0,
    0.5,
    0.0,
    0.5,
    1.0,
    1.0,
    0.5,
    0.5,
    0.0,
    1.0,
    0.0,
    1.0,
    0.0,
    0.5,
    0.5,
    0.0,
    0.5,
    0.5,
    0.5,
    0.0,
    0.5,
    0.5,
    0.5,
    0.5,
    1.0,
    0.5,
    0.5,
    0.0,
    0.5,
    0.5,
    0.5,
    1.0,
    0.5,
    1.0,
    0.5
  ],
  "collision_counts": [
    0,
    0,
    0,
    1,
    2,
    0,
    4,
    0,
    0,
    0,
    0,
    2,
    4,
    0,
    0,
    0,
    0,
    1,
    7,
    0,
    0,
    0,
    3,
    0,
    2,
    3,
    0,
    0,
    0,
    0,
    0,
    8,
    5,
    1,
    4,
    0,
    2,
    0,
    7
  ],
  "rag_stats": {
    "totalQueries": 0,
    "successfulRetrievals": 0,
    "retrievalSuccessRate": 0,
    "totalMemories": 0
  },
  "agent_performance": [
    {
      "agentId": 0,
      "avgReward": 6.743589743589744,
      "successRate": 0.5897435897435898,
      "collisions": 56,
      "algorithm": "mappo"
    },
    {
      "agentId": 1,
      "avgReward": 10.974358974358974,
      "successRate": 0.4358974358974359,
      "collisions": 56,
      "algorithm": "mappo"
    }
  ],
  "saved_at": "2026-05-12T22:33:31.312720",
  "heterogeneous": false,
  "algorithms": [
    {
      "agent_id": 0,
      "algorithm": "mappo"
    },
    {
      "agent_id": 1,
      "algorithm": "mappo"
    }
  ]
}