{
  "session_id": "767ebab4-1adb-45da-b90f-9984ee5adb00",
  "config": {
    "environment_type": "dynamic",
    "num_episodes": 100,
    "learning_rate": 0.0003,
    "gamma": 0.99,
    "use_rag": true,
    "use_llm_shaping": true,
    "heterogeneous": false,
    "algorithms": null
  },
  "rewards": [
    2497.0,
    1789.0533878052258,
    2581.975550069301,
    3881.3571428571427,
    5160.0,
    3328.423750731151,
    2764.2382404181185,
    1718.0,
    2710.9385913076057,
    3350.7679127738397,
    4652.31875305815,
    3933.0,
    3111.3211458725955,
    2148.0376199008524,
    3372.133198749197,
    4398.327818627451,
    4703.469533317948,
    5270.602702702703,
    3609.5607980798936,
    3364.715163247117,
    2094.44329954955,
    3699.110726676244,
    3206.6255055044585,
    2306.3608448729683,
    4325.528675093634,
    4048.4296653796664,
    5150.487972508591,
    2661.623474823444,
    2374.0,
    3854.0252050369686,
    3208.706440281031,
    5095.020300689406,
    4298.742857142857,
    1566.0625,
    3729.3162657264156,
    3866.0,
    6176.0,
    5057.218363353657,
    4365.665848397097,
    3724.0170293996057,
    6956.07996613561,
    2412.0,
    3255.0,
    3253.725698806194,
    2940.4522058823527,
    4524.37837837838,
    4132.0,
    2741.488803088803,
    3935.5723370429255,
    6173.498043949657,
    3567.8058401143076,
    3929.2084178498976,
    1900.0,
    5372.195307108354,
    3977.22584529326,
    3274.1238738738743,
    4046.7714285714283,
    3746.11661889332,
    3092.0,
    3243.6020924386867,
    1731.8283843888994,
    3925.6575216450206,
    2426.235294117647,
    4433.720403359546,
    3373.3754578754597,
    4573.191666666666,
    3314.8008640899843,
    4928.925455182073,
    3778.836542154602,
    4205.729394895344,
    4797.698228882836,
    3039.305929027992,
    1895.7555555555557,
    4186.0,
    4300.359848484845,
    4897.986286239627,
    3965.5893697413703,
    4396.812968101329,
    3680.3871020341608,
    3579.801415701416,
    2285.0,
    4555.0,
    4255.712990765104,
    5931.82669634759,
    4783.144144144146,
    4969.488666288665,
    3099.2588478684147,
    7468.51823035068,
    6029.747235407119,
    3449.786212886212,
    3253.3671345219723,
    5223.0,
    3774.2702702702704,
    5690.248251700438,
    4388.338134462647,
    4698.98650118606,
    4548.803706988631,
    4991.671568119941,
    4826.522385607494
  ],
  "episode_lengths": [
    120,
    120,
    120,
    120,
    120,
    120,
    120,
    120,
    120,
    120,
    120,
    120,
    120,
    120,
    120,
    120,
    120,
    120,
    120,
    120,
    120,
    120,
    120,
    120,
    120,
    120,
    120,
    120,
    120,
    120,
    120,
    120,
    120,
    120,
    120,
    120,
    120,
    120,
    120,
    120,
    120,
    120,
    120,
    120,
    120,
    120,
    120,
    120,
    120,
    120,
    120,
    120,
    120,
    120,
    120,
    120,
    120,
    120,
    120,
    120,
    120,
    120,
    120,
    120,
    120,
    120,
    120,
    120,
    120,
    120,
    120,
    120,
    120,
    120,
    120,
    120,
    120,
    120,
    120,
    120,
    120,
    120,
    120,
    120,
    120,
    120,
    120,
    120,
    120,
    120,
    120,
    120,
    120,
    120,
    120,
    120,
    120,
    120,
    120
  ],
  "success_rates": [
    0.25,
    0.0,
    0.25,
    0.5,
    0.75,
    0.5,
    0.25,
    0.25,
    0.25,
    0.5,
    0.5,
    0.5,
    0.25,
    0.0,
    0.0,
    0.5,
    0.5,
    0.5,
    0.25,
    0.0,
    0.0,
    0.5,
    0.25,
    0.25,
    0.25,
    0.25,
    0.5,
    0.0,
    0.0,
    0.25,
    0.0,
    0.25,
    0.75,
    0.0,
    0.25,
    0.25,
    0.75,
    0.5,
    0.0,
    0.25,
    0.75,
    0.25,
    0.25,
    0.25,
    0.0,
    0.5,
    0.25,
    0.25,
    0.25,
    0.75,
    0.25,
    0.25,
    0.0,
    0.25,
    0.25,
    0.0,
    0.5,
    0.0,
    0.25,
    0.0,
    0.0,
    0.25,
    0.25,
    0.5,
    0.0,
    0.25,
    0.0,
    0.5,
    0.25,
    0.25,
    0.25,
    0.0,
    0.0,
    0.25,
    0.25,
    0.25,
    0.25,
    0.75,
    0.25,
    0.0,
    0.25,
    0.5,
    0.25,
    0.5,
    0.5,
    0.25,
    0.0,
    0.75,
    0.25,
    0.25,
    0.0,
    0.5,
    0.5,
    0.25,
    0.5,
    0.5,
    0.25,
    0.25,
    0.5
  ],
  "collision_counts": [
    63,
    54,
    47,
    65,
    36,
    48,
    46,
    50,
    66,
    71,
    39,
    43,
    67,
    46,
    72,
    43,
    53,
    12,
    43,
    38,
    34,
    21,
    48,
    37,
    45,
    68,
    35,
    67,
    50,
    45,
    52,
    29,
    52,
    53,
    28,
    46,
    17,
    34,
    46,
    46,
    39,
    81,
    43,
    48,
    52,
    40,
    31,
    76,
    74,
    32,
    33,
    47,
    33,
    27,
    46,
    55,
    49,
    39,
    57,
    44,
    38,
    51,
    55,
    44,
    47,
    25,
    51,
    56,
    39,
    21,
    34,
    36,
    129,
    42,
    20,
    20,
    10,
    55,
    72,
    51,
    52,
    46,
    40,
    15,
    42,
    25,
    39,
    23,
    24,
    37,
    51,
    19,
    40,
    41,
    22,
    42,
    44,
    37,
    54
  ],
  "rag_stats": {
    "totalQueries": 23760,
    "successfulRetrievals": 35625,
    "retrievalSuccessRate": 1.4993686868686869,
    "totalMemories": 3543
  },
  "use_rag": true,
  "use_llm_shaping": true,
  "agent_performance": [
    {
      "agentId": 0,
      "avgReward": 10.28681669637552,
      "successRate": 0.23232323232323232,
      "collisions": 4390,
      "algorithm": "mappo"
    },
    {
      "agentId": 1,
      "avgReward": 10.071991285594226,
      "successRate": 0.32323232323232326,
      "collisions": 4390,
      "algorithm": "mappo"
    },
    {
      "agentId": 2,
      "avgReward": 10.99179736777776,
      "successRate": 0.4444444444444444,
      "collisions": 4390,
      "algorithm": "mappo"
    },
    {
      "agentId": 3,
      "avgReward": 8.584127943196572,
      "successRate": 0.1414141414141414,
      "collisions": 4390,
      "algorithm": "mappo"
    }
  ],
  "saved_at": "2026-05-13T00:42:27.992300",
  "heterogeneous": false,
  "algorithms": [
    {
      "agent_id": 0,
      "algorithm": "mappo"
    },
    {
      "agent_id": 1,
      "algorithm": "mappo"
    },
    {
      "agent_id": 2,
      "algorithm": "mappo"
    },
    {
      "agent_id": 3,
      "algorithm": "mappo"
    }
  ]
}