{
  "session_id": "84ec6c1a-0756-4449-af44-d2153f607735",
  "config": {
    "environment_type": "simple",
    "num_episodes": 100,
    "learning_rate": 0.0003,
    "gamma": 0.99,
    "use_rag": true,
    "use_llm_shaping": true,
    "heterogeneous": false,
    "algorithms": null
  },
  "rewards": [
    547.5,
    849.8652482269505,
    284.0,
    526.0,
    670.5,
    289.5,
    635.5,
    764.0,
    766.0,
    750.5,
    713.5,
    495.5,
    457.0,
    310.5,
    546.0,
    497.90000000000003,
    326.75000000000006,
    595.0,
    783.0,
    370.0,
    472.00000000000006,
    345.0,
    732.0,
    450.5,
    458.5,
    771.5,
    515.5,
    519.5,
    443.0,
    273.0,
    551.0,
    756.5000000000001,
    573.5000000000001,
    443.0,
    302.5,
    430.5,
    771.0,
    697.0,
    432.0000000000001,
    628.5,
    731.5000000000001,
    641.0,
    767.0,
    637.0,
    380.50000000000006,
    728.0,
    445.0,
    485.0,
    549.0,
    444.5,
    407.5,
    343.94827586206895,
    259.0,
    688.5,
    850.0,
    349.0,
    383.0000000000001,
    403.0,
    737.0,
    579.0,
    857.0,
    593.0000000000001,
    671.5000000000001,
    651.5,
    598.5,
    606.0,
    702.5,
    666.0000000000001,
    722.0,
    664.5000000000001,
    784.0,
    831.0,
    270.0,
    673.0,
    290.5,
    785.5,
    691.0,
    657.0,
    438.0,
    561.0,
    535.5,
    551.5,
    513.5,
    337.0,
    815.0,
    749.0000000000001,
    682.0,
    391.00000000000006,
    568.5,
    669.5,
    678.5,
    473.00000000000006,
    457.5,
    758.0,
    359.5,
    731.0,
    725.5000000000001,
    773.5,
    723.0
  ],
  "episode_lengths": [
    50,
    44,
    50,
    50,
    50,
    50,
    50,
    46,
    50,
    50,
    50,
    50,
    50,
    50,
    43,
    50,
    50,
    50,
    50,
    50,
    26,
    50,
    50,
    29,
    50,
    50,
    34,
    33,
    26,
    50,
    50,
    50,
    31,
    50,
    50,
    33,
    50,
    50,
    20,
    50,
    50,
    50,
    46,
    50,
    17,
    38,
    50,
    40,
    41,
    50,
    50,
    50,
    50,
    44,
    48,
    50,
    18,
    50,
    50,
    30,
    50,
    37,
    36,
    50,
    33,
    50,
    50,
    36,
    50,
    50,
    50,
    49,
    50,
    50,
    50,
    45,
    50,
    50,
    33,
    42,
    50,
    50,
    50,
    50,
    48,
    50,
    50,
    18,
    50,
    38,
    38,
    50,
    34,
    50,
    22,
    50,
    50,
    50,
    50
  ],
  "success_rates": [
    0.5,
    1.0,
    0.0,
    0.5,
    0.5,
    0.0,
    0.5,
    1.0,
    0.5,
    0.5,
    0.5,
    0.5,
    0.5,
    0.0,
    1.0,
    0.5,
    0.0,
    0.5,
    0.5,
    0.0,
    1.0,
    0.0,
    0.5,
    1.0,
    0.5,
    0.5,
    1.0,
    1.0,
    1.0,
    0.0,
    0.5,
    0.5,
    1.0,
    0.5,
    0.0,
    1.0,
    0.5,
    0.5,
    1.0,
    0.5,
    0.5,
    0.5,
    1.0,
    0.5,
    1.0,
    1.0,
    0.0,
    1.0,
    1.0,
    0.0,
    0.0,
    0.0,
    0.0,
    1.0,
    1.0,
    0.0,
    1.0,
    0.0,
    0.5,
    1.0,
    0.5,
    1.0,
    1.0,
    0.5,
    1.0,
    0.5,
    0.5,
    1.0,
    0.5,
    0.5,
    0.5,
    1.0,
    0.0,
    0.5,
    0.0,
    1.0,
    0.5,
    0.5,
    1.0,
    1.0,
    0.5,
    0.5,
    0.5,
    0.0,
    1.0,
    0.5,
    0.5,
    1.0,
    0.5,
    1.0,
    1.0,
    0.0,
    1.0,
    0.5,
    1.0,
    0.5,
    0.5,
    0.5,
    0.5
  ],
  "collision_counts": [
    3,
    0,
    0,
    2,
    0,
    0,
    3,
    2,
    2,
    0,
    1,
    0,
    0,
    6,
    2,
    0,
    0,
    0,
    3,
    6,
    3,
    4,
    8,
    0,
    8,
    0,
    2,
    0,
    0,
    2,
    8,
    0,
    0,
    2,
    2,
    2,
    5,
    9,
    0,
    4,
    6,
    4,
    0,
    0,
    0,
    0,
    2,
    2,
    6,
    6,
    0,
    0,
    0,
    4,
    0,
    6,
    0,
    0,
    0,
    0,
    0,
    15,
    0,
    0,
    0,
    0,
    0,
    0,
    1,
    22,
    0,
    0,
    0,
    1,
    8,
    0,
    0,
    0,
    1,
    6,
    2,
    2,
    4,
    2,
    2,
    0,
    2,
    0,
    16,
    0,
    1,
    4,
    0,
    3,
    2,
    4,
    1,
    10,
    0
  ],
  "rag_stats": {
    "totalQueries": 8892,
    "successfulRetrievals": 13338,
    "retrievalSuccessRate": 1.5,
    "totalMemories": 3106
  },
  "use_rag": true,
  "use_llm_shaping": true,
  "agent_performance": [
    {
      "agentId": 0,
      "avgReward": 16.414141414141415,
      "successRate": 0.5353535353535354,
      "collisions": 234,
      "algorithm": "mappo"
    },
    {
      "agentId": 1,
      "avgReward": 17.57070707070707,
      "successRate": 0.6161616161616161,
      "collisions": 234,
      "algorithm": "mappo"
    }
  ],
  "saved_at": "2026-05-12T23:29:53.426607",
  "heterogeneous": false,
  "algorithms": [
    {
      "agent_id": 0,
      "algorithm": "mappo"
    },
    {
      "agent_id": 1,
      "algorithm": "mappo"
    }
  ]
}