{
  "session_id": "8c5e3cb3-0983-4a77-9a32-edfd8c7676a6",
  "config": {
    "environment_type": "simple",
    "num_episodes": 100,
    "learning_rate": 0.0003,
    "gamma": 0.99,
    "use_rag": true,
    "use_llm_shaping": true,
    "heterogeneous": false,
    "algorithms": null
  },
  "rewards": [
    38.29999999999999,
    307.70000000000016,
    25.699999999999992,
    321.5000000000002,
    374.00000000000017,
    14.406666666666672,
    392.30000000000024,
    179.79999999999998,
    180.5,
    244.29999999999998,
    201.6,
    430.50000000000034,
    361.30000000000024,
    343.30000000000024,
    51.00000000000003,
    340.9000000000001,
    175.79999999999998,
    223.8,
    370.8533333333335,
    253.29999999999998,
    196.57333333333335,
    129.89999999999998,
    172.0,
    287.20000000000005,
    226.1,
    67.19999999999999,
    403.2000000000003,
    428.00000000000034,
    349.80000000000007,
    255.00000000000006,
    355.3000000000003,
    356.29999999999995,
    53.699999999999996,
    194.79999999999998,
    431.9000000000003,
    366.6000000000003,
    180.89999999999992,
    124.00000000000003,
    119.09999999999992,
    375.4000000000002,
    165.89999999999998,
    276.40000000000003,
    162.7,
    180.6,
    240.20000000000005,
    201.30000000000004,
    352.50000000000017,
    127.79999999999998,
    194.09999999999997,
    329.20000000000005,
    131.39999999999998,
    400.0999999999999,
    223.9,
    405.70000000000016,
    136.99999999999997,
    93.49999999999994,
    330.7000000000001,
    71.29999999999994,
    292.4000000000001,
    360.2000000000002,
    406.5000000000004,
    333.7200000000001,
    398.00000000000034,
    386.2000000000002,
    76.89999999999996,
    3.60000000000001,
    245.20000000000005,
    182.0,
    424.5000000000004,
    281.00000000000006,
    250.2000000000001,
    167.0,
    229.1,
    362.90000000000026,
    237.3,
    133.69999999999996,
    224.40000000000003,
    217.39999999999998,
    447.1000000000003,
    373.8000000000001,
    271.5,
    233.90000000000003,
    359.8000000000001,
    341.9000000000001,
    196.39999999999998,
    231.30000000000015,
    186.59999999999997,
    265.9000000000001,
    329.6000000000001,
    314.5000000000001,
    377.8000000000001,
    309.9000000000001,
    255.40000000000003,
    374.50000000000006,
    217.3999999999999,
    364.10000000000025,
    358.90000000000015,
    246.90000000000003,
    349.10000000000014
  ],
  "episode_lengths": [
    50,
    50,
    50,
    50,
    50,
    50,
    50,
    19,
    12,
    50,
    50,
    50,
    50,
    50,
    50,
    32,
    11,
    23,
    50,
    50,
    50,
    6,
    15,
    27,
    14,
    50,
    50,
    50,
    32,
    22,
    50,
    50,
    50,
    50,
    50,
    50,
    50,
    50,
    50,
    50,
    12,
    24,
    6,
    11,
    20,
    50,
    50,
    2,
    50,
    35,
    4,
    50,
    50,
    40,
    50,
    50,
    50,
    50,
    39,
    50,
    50,
    50,
    50,
    50,
    50,
    50,
    34,
    39,
    50,
    25,
    26,
    22,
    14,
    50,
    50,
    50,
    35,
    28,
    50,
    50,
    23,
    31,
    50,
    50,
    25,
    50,
    16,
    50,
    28,
    50,
    42,
    50,
    18,
    50,
    50,
    50,
    50,
    22,
    50
  ],
  "success_rates": [
    0.0,
    0.5,
    0.0,
    0.5,
    0.5,
    0.0,
    0.5,
    1.0,
    1.0,
    0.5,
    0.5,
    0.5,
    0.5,
    0.5,
    0.0,
    1.0,
    1.0,
    1.0,
    0.5,
    0.5,
    0.5,
    1.0,
    1.0,
    1.0,
    1.0,
    0.0,
    0.5,
    0.5,
    1.0,
    1.0,
    0.5,
    0.5,
    0.0,
    0.5,
    0.5,
    0.5,
    0.5,
    0.0,
    0.0,
    0.5,
    1.0,
    1.0,
    1.0,
    1.0,
    1.0,
    0.5,
    0.5,
    1.0,
    0.5,
    1.0,
    1.0,
    0.5,
    0.5,
    1.0,
    0.5,
    0.0,
    0.5,
    0.0,
    1.0,
    0.5,
    0.5,
    0.5,
    0.5,
    0.5,
    0.0,
    0.0,
    1.0,
    1.0,
    0.5,
    1.0,
    1.0,
    1.0,
    1.0,
    0.5,
    1.0,
    0.0,
    1.0,
    1.0,
    0.5,
    0.5,
    1.0,
    1.0,
    0.5,
    0.5,
    1.0,
    0.5,
    1.0,
    0.5,
    1.0,
    0.5,
    1.0,
    0.5,
    1.0,
    0.5,
    0.5,
    0.5,
    0.5,
    1.0,
    0.5
  ],
  "collision_counts": [
    2,
    4,
    4,
    2,
    3,
    2,
    0,
    2,
    0,
    2,
    0,
    0,
    2,
    1,
    0,
    0,
    0,
    0,
    0,
    5,
    0,
    0,
    2,
    0,
    0,
    4,
    0,
    1,
    2,
    0,
    0,
    1,
    0,
    0,
    2,
    0,
    4,
    0,
    4,
    0,
    0,
    0,
    0,
    0,
    0,
    0,
    0,
    0,
    7,
    3,
    0,
    0,
    3,
    1,
    0,
    2,
    2,
    12,
    0,
    0,
    2,
    1,
    3,
    4,
    0,
    12,
    2,
    2,
    3,
    0,
    0,
    2,
    0,
    4,
    2,
    2,
    4,
    0,
    0,
    0,
    0,
    0,
    1,
    3,
    1,
    0,
    1,
    2,
    0,
    4,
    1,
    0,
    0,
    2,
    4,
    0,
    1,
    0,
    0
  ],
  "rag_stats": {
    "totalQueries": 7868,
    "successfulRetrievals": 11802,
    "retrievalSuccessRate": 1.5,
    "totalMemories": 2726
  },
  "agent_performance": [
    {
      "agentId": 0,
      "avgReward": 16.746969696969703,
      "successRate": 0.6060606060606061,
      "collisions": 142,
      "algorithm": "mappo"
    },
    {
      "agentId": 1,
      "avgReward": 12.286363636363637,
      "successRate": 0.6464646464646465,
      "collisions": 142,
      "algorithm": "mappo"
    }
  ],
  "saved_at": "2026-05-12T19:31:46.581736",
  "heterogeneous": false,
  "algorithms": [
    {
      "agent_id": 0,
      "algorithm": "mappo"
    },
    {
      "agent_id": 1,
      "algorithm": "mappo"
    }
  ]
}