{
  "session_id": "8e2cc24b-9558-4126-b9fb-916145c5ef1a",
  "config": {
    "environment_type": "medium",
    "num_episodes": 100,
    "learning_rate": 0.0003,
    "gamma": 0.99,
    "use_rag": true,
    "use_llm_shaping": true,
    "heterogeneous": false,
    "algorithms": null
  },
  "rewards": [
    424.0133928571429,
    658.6599487314273,
    1906.5261236573185,
    2595.805357142857,
    1783.0,
    2275.390243902439,
    1198.3465987915863,
    1062.6346153846155,
    2477.7606258043747,
    2290.681081081081,
    3167.0,
    2841.0,
    858.0,
    2110.0,
    1358.9913987469895,
    2528.0,
    2489.0,
    1799.2894750208475,
    1847.0,
    2425.0625,
    1503.8758561050013,
    2353.0,
    1253.5285175807428,
    2452.0,
    2986.820314101249,
    1339.7666666666667,
    3257.9486404052936,
    2162.011853223855,
    1059.6333333333332,
    1606.5069444444443,
    1991.1384291888799,
    1799.5182117202473,
    1683.501490461049,
    2415.0,
    3090.4793584793574,
    1566.892309220986,
    1587.0742296918768,
    3525.990055014812,
    3137.555265349383,
    2457.275735294118,
    2972.569040697674,
    1234.8404485540038,
    1655.7624924196487,
    1250.0333333333333,
    2608.165682702268,
    3923.5548019628436,
    1517.3202614379086,
    2819.7297979797972,
    3006.0,
    3503.0,
    3524.2995899745883,
    3902.7092757269247,
    2066.824705109925,
    1370.7085125448025,
    3626.356477154357,
    2509.1875,
    1931.0,
    3599.9514478764463,
    2826.154134964797,
    2499.777327411982,
    2895.0,
    2568.3361111111135,
    2084.4909055425446,
    4253.0,
    3191.0,
    2534.8931924882622,
    2560.53125,
    2812.379745685737,
    3573.0,
    3805.0,
    2978.8714285714277,
    2451.221737121737,
    2686.0,
    1582.4256935763688,
    1348.3159722222222,
    2672.0,
    3133.0625,
    3837.5572580683497,
    2775.350000000001,
    2642.945134472709,
    3012.0,
    1599.933333333333,
    3332.9968366778153,
    1136.8226663578778,
    1906.6306843348384,
    3672.0,
    2107.4721751945726,
    3502.794952681388,
    2600.0,
    2856.550064350065,
    3140.3442830022036,
    1265.6521076048775,
    2954.0,
    3939.0,
    1767.3996273516325,
    1766.7777777777778,
    1688.679219242902,
    3421.0,
    2086.6928320997276
  ],
  "episode_lengths": [
    100,
    100,
    100,
    100,
    100,
    100,
    100,
    100,
    100,
    100,
    100,
    100,
    100,
    100,
    100,
    100,
    100,
    100,
    100,
    100,
    100,
    100,
    100,
    100,
    100,
    100,
    100,
    100,
    100,
    100,
    100,
    100,
    100,
    100,
    100,
    100,
    100,
    100,
    100,
    100,
    99,
    100,
    100,
    100,
    100,
    100,
    100,
    100,
    100,
    100,
    100,
    100,
    100,
    100,
    100,
    100,
    100,
    100,
    100,
    100,
    100,
    100,
    100,
    100,
    91,
    100,
    100,
    100,
    100,
    100,
    100,
    100,
    77,
    100,
    100,
    100,
    100,
    100,
    100,
    100,
    100,
    100,
    100,
    100,
    100,
    98,
    100,
    100,
    100,
    100,
    100,
    100,
    100,
    100,
    100,
    100,
    100,
    100,
    100
  ],
  "success_rates": [
    0.0,
    0.0,
    0.3333333333333333,
    0.3333333333333333,
    0.3333333333333333,
    0.3333333333333333,
    0.0,
    0.0,
    0.3333333333333333,
    0.3333333333333333,
    0.6666666666666666,
    0.6666666666666666,
    0.0,
    0.3333333333333333,
    0.3333333333333333,
    0.6666666666666666,
    0.3333333333333333,
    0.3333333333333333,
    0.3333333333333333,
    0.3333333333333333,
    0.0,
    0.6666666666666666,
    0.0,
    0.6666666666666666,
    0.6666666666666666,
    0.0,
    0.6666666666666666,
    0.3333333333333333,
    0.0,
    0.3333333333333333,
    0.3333333333333333,
    0.3333333333333333,
    0.3333333333333333,
    0.6666666666666666,
    0.3333333333333333,
    0.3333333333333333,
    0.0,
    0.6666666666666666,
    0.3333333333333333,
    0.3333333333333333,
    1.0,
    0.0,
    0.0,
    0.0,
    0.3333333333333333,
    0.6666666666666666,
    0.0,
    0.3333333333333333,
    0.3333333333333333,
    0.6666666666666666,
    0.6666666666666666,
    0.6666666666666666,
    0.0,
    0.0,
    0.6666666666666666,
    0.6666666666666666,
    0.3333333333333333,
    0.6666666666666666,
    0.3333333333333333,
    0.3333333333333333,
    0.6666666666666666,
    0.3333333333333333,
    0.0,
    0.6666666666666666,
    1.0,
    0.3333333333333333,
    0.6666666666666666,
    0.6666666666666666,
    0.6666666666666666,
    0.6666666666666666,
    0.3333333333333333,
    0.3333333333333333,
    1.0,
    0.0,
    0.0,
    0.3333333333333333,
    0.6666666666666666,
    0.6666666666666666,
    0.6666666666666666,
    0.3333333333333333,
    0.6666666666666666,
    0.0,
    0.3333333333333333,
    0.0,
    0.3333333333333333,
    1.0,
    0.0,
    0.6666666666666666,
    0.3333333333333333,
    0.3333333333333333,
    0.3333333333333333,
    0.0,
    0.3333333333333333,
    0.6666666666666666,
    0.0,
    0.0,
    0.0,
    0.6666666666666666,
    0.3333333333333333
  ],
  "collision_counts": [
    29,
    45,
    31,
    22,
    32,
    12,
    19,
    19,
    21,
    28,
    22,
    6,
    45,
    39,
    22,
    16,
    34,
    26,
    30,
    34,
    16,
    22,
    34,
    37,
    22,
    29,
    32,
    35,
    25,
    36,
    35,
    49,
    29,
    25,
    13,
    66,
    23,
    23,
    12,
    15,
    19,
    32,
    27,
    22,
    13,
    5,
    44,
    13,
    7,
    27,
    17,
    6,
    20,
    36,
    0,
    76,
    14,
    4,
    13,
    21,
    32,
    37,
    31,
    8,
    10,
    15,
    42,
    27,
    1,
    23,
    24,
    25,
    19,
    44,
    43,
    9,
    9,
    8,
    18,
    31,
    21,
    29,
    4,
    64,
    34,
    19,
    9,
    28,
    16,
    25,
    8,
    28,
    12,
    12,
    38,
    33,
    43,
    18,
    33
  ],
  "rag_stats": {
    "totalQueries": 19730,
    "successfulRetrievals": 29556,
    "retrievalSuccessRate": 1.498023314749113,
    "totalMemories": 3345
  },
  "use_rag": true,
  "use_llm_shaping": true,
  "agent_performance": [
    {
      "agentId": 0,
      "avgReward": 9.431990316304043,
      "successRate": 0.24242424242424243,
      "collisions": 2456,
      "algorithm": "mappo"
    },
    {
      "agentId": 1,
      "avgReward": 9.835048901715568,
      "successRate": 0.42424242424242425,
      "collisions": 2456,
      "algorithm": "mappo"
    },
    {
      "agentId": 2,
      "avgReward": 11.752835544992408,
      "successRate": 0.4444444444444444,
      "collisions": 2456,
      "algorithm": "mappo"
    }
  ],
  "saved_at": "2026-05-13T00:11:19.692097",
  "heterogeneous": false,
  "algorithms": [
    {
      "agent_id": 0,
      "algorithm": "mappo"
    },
    {
      "agent_id": 1,
      "algorithm": "mappo"
    },
    {
      "agent_id": 2,
      "algorithm": "mappo"
    }
  ]
}