{
  "session_id": "8e73d2d0-6de6-4779-b18c-1b5fa7dca057",
  "config": {
    "environment_type": "simple",
    "num_episodes": 100,
    "learning_rate": 0.0003,
    "gamma": 0.99,
    "use_rag": true,
    "use_llm_shaping": true,
    "heterogeneous": false,
    "algorithms": null
  },
  "rewards": [
    390.6000000000002,
    32.49999999999998,
    200.0,
    13.5,
    298.8,
    291.14000000000016,
    50.49999999999998,
    238.49999999999994,
    10.400000000000002,
    62.699999999999974,
    297.80000000000007,
    239.7,
    385.5000000000002,
    149.79999999999998,
    198.49999999999997,
    342.7,
    232.69999999999993,
    26.999999999999996,
    368.40000000000003,
    165.2,
    333.2000000000001,
    33.199999999999996,
    389.10000000000025,
    130.99999999999997,
    398.20000000000044,
    363.10000000000014,
    60.9,
    113.80000000000001,
    296.2000000000001,
    316.8066666666667,
    102.40000000000003,
    112.39999999999995,
    373.6999999999999,
    105.50000000000001,
    365.60000000000025,
    373.9999999999999,
    378.8000000000003,
    410.6000000000001,
    342.1200000000002,
    192.69999999999996,
    347.20000000000016,
    179.6268656716416,
    191.7,
    395.1000000000002,
    399.20000000000033,
    214.3,
    254.00000000000006,
    176.99999999999997,
    136.19999999999996,
    153.29999999999995,
    253.90000000000003,
    15.399999999999995,
    397.1000000000003,
    177.79999999999998,
    324.3000000000001,
    209.1,
    253.9000000000001,
    404.8000000000002,
    161.09999999999997,
    432.80000000000047,
    273.2000000000001,
    421.40000000000026,
    271.40000000000003,
    404.20000000000044,
    137.7,
    249.29999999999993,
    270.90000000000003,
    296.3,
    369.6000000000001,
    234.59999999999988,
    190.99999999999997,
    345.80000000000007,
    396.8000000000003,
    330.10000000000014,
    230.7,
    281.8,
    154.0,
    185.2,
    185.0,
    324.9000000000001,
    236.20000000000005,
    320.6000000000001,
    218.6,
    381.4000000000002,
    420.30000000000024,
    223.19999999999996,
    207.59999999999997,
    399.20000000000033,
    397.10000000000014,
    342.3000000000003,
    354.20000000000016,
    249.89999999999998,
    381.1000000000005,
    312.0,
    218.99999999999997,
    209.09999999999997,
    339.40000000000003,
    177.79999999999995,
    132.6
  ],
  "episode_lengths": [
    50,
    50,
    11,
    50,
    50,
    50,
    50,
    50,
    50,
    50,
    50,
    50,
    50,
    50,
    12,
    39,
    50,
    50,
    36,
    19,
    50,
    50,
    50,
    50,
    50,
    35,
    50,
    50,
    50,
    50,
    50,
    50,
    50,
    50,
    50,
    50,
    50,
    50,
    50,
    27,
    50,
    50,
    34,
    50,
    50,
    45,
    18,
    50,
    50,
    50,
    20,
    50,
    50,
    11,
    50,
    12,
    23,
    50,
    10,
    50,
    25,
    41,
    50,
    50,
    9,
    50,
    39,
    50,
    34,
    50,
    50,
    44,
    50,
    50,
    18,
    30,
    13,
    20,
    11,
    50,
    34,
    26,
    14,
    34,
    50,
    50,
    15,
    50,
    43,
    50,
    50,
    40,
    50,
    50,
    15,
    50,
    50,
    11,
    16
  ],
  "success_rates": [
    0.5,
    0.0,
    1.0,
    0.0,
    0.5,
    0.5,
    0.0,
    0.5,
    0.0,
    0.0,
    0.5,
    0.5,
    0.5,
    0.5,
    1.0,
    1.0,
    0.5,
    0.0,
    1.0,
    1.0,
    0.5,
    0.0,
    0.5,
    0.0,
    0.5,
    1.0,
    0.0,
    0.0,
    0.5,
    0.5,
    0.0,
    0.0,
    0.5,
    0.0,
    0.5,
    0.5,
    0.5,
    0.5,
    0.5,
    1.0,
    0.5,
    0.5,
    1.0,
    0.5,
    0.5,
    1.0,
    1.0,
    0.5,
    0.5,
    0.5,
    1.0,
    0.0,
    0.5,
    1.0,
    0.5,
    1.0,
    1.0,
    0.5,
    1.0,
    0.5,
    1.0,
    1.0,
    0.5,
    0.5,
    1.0,
    0.5,
    1.0,
    0.5,
    1.0,
    0.5,
    0.5,
    1.0,
    0.5,
    0.5,
    1.0,
    1.0,
    1.0,
    1.0,
    1.0,
    0.5,
    1.0,
    1.0,
    1.0,
    1.0,
    0.5,
    0.5,
    1.0,
    0.5,
    1.0,
    0.5,
    0.5,
    1.0,
    0.5,
    0.5,
    1.0,
    0.5,
    0.5,
    1.0,
    1.0
  ],
  "collision_counts": [
    6,
    4,
    1,
    4,
    7,
    0,
    4,
    1,
    0,
    0,
    0,
    4,
    0,
    2,
    0,
    1,
    1,
    4,
    0,
    0,
    0,
    4,
    0,
    0,
    0,
    0,
    4,
    2,
    1,
    0,
    2,
    2,
    0,
    0,
    1,
    1,
    6,
    0,
    0,
    0,
    2,
    20,
    2,
    7,
    3,
    0,
    0,
    0,
    8,
    2,
    0,
    6,
    0,
    0,
    3,
    0,
    2,
    1,
    0,
    0,
    3,
    1,
    0,
    1,
    0,
    0,
    2,
    0,
    0,
    8,
    0,
    3,
    2,
    5,
    1,
    2,
    0,
    0,
    0,
    2,
    2,
    1,
    0,
    0,
    4,
    0,
    1,
    3,
    4,
    1,
    2,
    0,
    4,
    6,
    0,
    8,
    3,
    0,
    0
  ],
  "rag_stats": {
    "totalQueries": 8068,
    "successfulRetrievals": 12102,
    "retrievalSuccessRate": 1.5,
    "totalMemories": 2908
  },
  "agent_performance": [
    {
      "agentId": 0,
      "avgReward": 14.730303030303032,
      "successRate": 0.5959595959595959,
      "collisions": 187,
      "algorithm": "mappo"
    },
    {
      "agentId": 1,
      "avgReward": 13.050505050505052,
      "successRate": 0.6262626262626263,
      "collisions": 187,
      "algorithm": "mappo"
    }
  ],
  "saved_at": "2026-05-12T23:00:11.795303",
  "heterogeneous": false,
  "algorithms": [
    {
      "agent_id": 0,
      "algorithm": "mappo"
    },
    {
      "agent_id": 1,
      "algorithm": "mappo"
    }
  ]
}