{
  "session_id": "93aefed9-aa97-4802-b107-e52c1714eff3",
  "config": {
    "environment_type": "simple",
    "num_episodes": 100,
    "learning_rate": 0.0003,
    "gamma": 0.99,
    "use_rag": true,
    "use_llm_shaping": true,
    "heterogeneous": false,
    "algorithms": null
  },
  "rewards": [
    857.0,
    524.0,
    1033.0,
    1101.0,
    493.0,
    627.0,
    955.0,
    1044.0,
    1049.0,
    790.0,
    809.0,
    490.2886597938144,
    668.5238095238095,
    1101.0,
    480.0,
    1104.1313131313132,
    1018.0,
    521.0,
    1046.0,
    546.0,
    633.0,
    1094.0,
    1115.0,
    592.0,
    1061.0,
    883.2,
    1199.920634920635,
    1107.0,
    1214.0,
    1089.0,
    652.0,
    619.0,
    1247.0,
    551.0,
    599.0,
    729.0,
    867.0,
    825.0,
    1141.0,
    496.0,
    899.0,
    1111.0,
    674.0,
    960.3366336633663,
    931.0,
    465.0,
    1096.0,
    332.5,
    605.0,
    727.0,
    335.5,
    419.0,
    866.0,
    1002.0,
    1013.0,
    1022.0,
    1103.0,
    496.0,
    768.0,
    996.0,
    802.0,
    397.0,
    1157.0,
    613.0,
    743.0,
    916.0,
    876.0,
    895.0,
    1203.0,
    1083.0,
    1154.2,
    982.0,
    978.0,
    897.1333333333333,
    324.5,
    584.0,
    1350.0,
    1118.0,
    790.4,
    676.1333333333333,
    517.5884057971015,
    714.0,
    915.0,
    841.0,
    670.8333333333333,
    813.0,
    923.0,
    1066.8,
    1103.8000000000002,
    809.3000000000002,
    686.4666666666667,
    732.1333333333333,
    955.5999999999999,
    770.6666666666666,
    1011.0,
    741.0,
    901.0,
    852.1498525073746,
    647.0
  ],
  "episode_lengths": [
    50,
    22,
    50,
    50,
    50,
    23,
    50,
    50,
    50,
    50,
    28,
    50,
    50,
    50,
    50,
    50,
    50,
    18,
    50,
    22,
    19,
    50,
    50,
    50,
    50,
    50,
    50,
    50,
    50,
    50,
    50,
    50,
    50,
    50,
    50,
    50,
    50,
    38,
    50,
    50,
    50,
    50,
    50,
    50,
    34,
    18,
    50,
    8,
    24,
    50,
    8,
    50,
    50,
    50,
    50,
    50,
    50,
    50,
    50,
    50,
    50,
    50,
    50,
    50,
    35,
    50,
    50,
    37,
    50,
    50,
    50,
    36,
    50,
    50,
    10,
    21,
    50,
    50,
    50,
    50,
    50,
    50,
    39,
    31,
    50,
    50,
    50,
    50,
    50,
    50,
    50,
    50,
    50,
    50,
    35,
    50,
    37,
    50,
    22
  ],
  "success_rates": [
    0.5,
    1.0,
    0.5,
    0.5,
    0.0,
    1.0,
    0.5,
    0.5,
    0.5,
    0.5,
    1.0,
    0.0,
    0.0,
    0.5,
    0.0,
    0.5,
    0.5,
    1.0,
    0.5,
    1.0,
    1.0,
    0.5,
    0.5,
    0.0,
    0.5,
    0.5,
    0.5,
    0.5,
    0.5,
    0.5,
    0.0,
    0.0,
    0.5,
    0.0,
    0.0,
    0.5,
    0.5,
    1.0,
    0.5,
    0.0,
    0.5,
    0.5,
    0.0,
    0.5,
    1.0,
    1.0,
    0.5,
    1.0,
    1.0,
    0.0,
    1.0,
    0.0,
    0.0,
    0.5,
    0.5,
    0.5,
    0.5,
    0.0,
    0.0,
    0.5,
    0.0,
    0.0,
    0.5,
    0.0,
    1.0,
    0.5,
    0.0,
    1.0,
    0.5,
    0.5,
    0.5,
    1.0,
    0.5,
    0.5,
    1.0,
    1.0,
    0.5,
    0.5,
    0.0,
    0.0,
    0.0,
    0.0,
    1.0,
    1.0,
    0.0,
    0.0,
    0.5,
    0.5,
    0.5,
    0.5,
    0.5,
    0.0,
    0.5,
    0.0,
    1.0,
    0.0,
    1.0,
    0.0,
    1.0
  ],
  "collision_counts": [
    0,
    4,
    0,
    0,
    10,
    2,
    2,
    2,
    8,
    8,
    1,
    0,
    0,
    0,
    2,
    0,
    0,
    0,
    1,
    0,
    0,
    0,
    0,
    4,
    4,
    0,
    0,
    4,
    0,
    0,
    2,
    0,
    0,
    0,
    0,
    3,
    2,
    0,
    0,
    4,
    0,
    3,
    2,
    0,
    6,
    2,
    5,
    0,
    4,
    0,
    0,
    10,
    0,
    1,
    0,
    0,
    0,
    16,
    2,
    3,
    2,
    4,
    2,
    0,
    2,
    3,
    0,
    2,
    1,
    6,
    0,
    0,
    0,
    0,
    0,
    0,
    0,
    0,
    0,
    0,
    0,
    0,
    2,
    0,
    0,
    0,
    0,
    0,
    0,
    0,
    0,
    0,
    0,
    2,
    0,
    0,
    1,
    0,
    0
  ],
  "rag_stats": {
    "totalQueries": 8830,
    "successfulRetrievals": 13245,
    "retrievalSuccessRate": 1.5,
    "totalMemories": 3639
  },
  "use_rag": true,
  "use_llm_shaping": true,
  "agent_performance": [
    {
      "agentId": 0,
      "avgReward": 17.518350168350167,
      "successRate": 0.45454545454545453,
      "collisions": 144,
      "algorithm": "mappo"
    },
    {
      "agentId": 1,
      "avgReward": 15.397138047138046,
      "successRate": 0.46464646464646464,
      "collisions": 144,
      "algorithm": "mappo"
    }
  ],
  "saved_at": "2026-05-13T00:52:24.255651",
  "heterogeneous": false,
  "algorithms": [
    {
      "agent_id": 0,
      "algorithm": "mappo"
    },
    {
      "agent_id": 1,
      "algorithm": "mappo"
    }
  ]
}