{
  "session_id": "9b57ea81-230b-4d54-bac9-36a1b3c82153",
  "config": {
    "environment_type": "simple",
    "num_episodes": 100,
    "learning_rate": 0.0003,
    "gamma": 0.99,
    "use_rag": true,
    "use_llm_shaping": true,
    "heterogeneous": false,
    "algorithms": null
  },
  "rewards": [
    472.0,
    958.0,
    808.0,
    1086.0,
    438.0,
    1025.0,
    1346.0,
    851.0,
    952.0,
    1027.0,
    796.0,
    698.0,
    1079.0,
    693.0,
    692.0,
    299.0,
    1048.0,
    1204.0,
    1067.0,
    622.0,
    1077.0,
    1110.0,
    423.0,
    503.0,
    629.0,
    675.0,
    769.0,
    904.0,
    1150.0,
    1080.4,
    572.0,
    1146.0,
    1069.0,
    647.0,
    1306.0,
    1084.0,
    891.0,
    581.0,
    560.0,
    1115.0,
    802.0,
    921.0,
    495.5,
    911.0,
    917.0,
    1065.0,
    1166.0,
    1210.0,
    989.0,
    552.0,
    958.4666666666667,
    370.5,
    697.9333333333334,
    794.0,
    463.0,
    997.5656565656566,
    1038.0,
    856.9333333333333,
    1085.0,
    1084.0,
    1178.9333333333334,
    1100.0,
    1073.0,
    783.0,
    743.0,
    1129.0,
    693.0,
    206.0,
    1143.0,
    1293.0,
    1132.0,
    1131.0,
    1089.0,
    639.0,
    1218.6419580419579,
    1047.0,
    678.5398907103827,
    895.0,
    924.0,
    569.0,
    1006.0,
    1190.0,
    534.0,
    186.0,
    856.0,
    607.0,
    767.0,
    960.0,
    1027.0,
    752.0666666666666,
    973.0,
    974.0,
    660.0,
    968.0,
    539.0,
    1035.0,
    621.0,
    1079.0,
    650.0
  ],
  "episode_lengths": [
    50,
    50,
    50,
    50,
    50,
    50,
    50,
    28,
    40,
    50,
    50,
    50,
    50,
    50,
    50,
    9,
    50,
    50,
    50,
    22,
    50,
    50,
    50,
    19,
    50,
    22,
    50,
    50,
    50,
    50,
    50,
    50,
    50,
    20,
    50,
    50,
    50,
    18,
    50,
    50,
    50,
    50,
    14,
    50,
    50,
    50,
    50,
    50,
    50,
    17,
    50,
    10,
    50,
    50,
    50,
    50,
    46,
    50,
    50,
    50,
    50,
    50,
    50,
    29,
    25,
    50,
    25,
    4,
    50,
    50,
    47,
    50,
    50,
    50,
    50,
    50,
    50,
    50,
    50,
    18,
    50,
    50,
    50,
    3,
    50,
    50,
    43,
    50,
    50,
    50,
    50,
    35,
    50,
    50,
    19,
    50,
    50,
    42,
    50
  ],
  "success_rates": [
    0.0,
    0.5,
    0.0,
    0.5,
    0.0,
    0.5,
    0.5,
    1.0,
    1.0,
    0.5,
    0.5,
    0.0,
    0.5,
    0.0,
    0.0,
    1.0,
    0.5,
    0.5,
    0.5,
    1.0,
    0.5,
    0.5,
    0.0,
    1.0,
    0.0,
    1.0,
    0.0,
    0.5,
    0.5,
    0.5,
    0.0,
    0.5,
    0.5,
    1.0,
    0.5,
    0.5,
    0.5,
    1.0,
    0.0,
    0.5,
    0.5,
    0.5,
    1.0,
    0.5,
    0.5,
    0.5,
    0.5,
    0.5,
    0.5,
    1.0,
    0.5,
    1.0,
    0.0,
    0.5,
    0.0,
    0.5,
    1.0,
    0.0,
    0.5,
    0.5,
    0.5,
    0.5,
    0.5,
    1.0,
    1.0,
    0.5,
    1.0,
    1.0,
    0.5,
    0.5,
    1.0,
    0.5,
    0.5,
    0.0,
    0.5,
    0.5,
    0.0,
    0.5,
    0.5,
    1.0,
    0.5,
    0.5,
    0.0,
    1.0,
    0.5,
    0.0,
    1.0,
    0.5,
    0.5,
    0.0,
    0.5,
    1.0,
    0.0,
    0.5,
    1.0,
    0.5,
    0.5,
    1.0,
    0.0
  ],
  "collision_counts": [
    0,
    0,
    2,
    0,
    2,
    2,
    0,
    1,
    2,
    0,
    0,
    0,
    0,
    0,
    2,
    0,
    0,
    1,
    7,
    0,
    0,
    0,
    2,
    2,
    2,
    0,
    0,
    0,
    0,
    0,
    2,
    0,
    0,
    0,
    0,
    2,
    2,
    0,
    4,
    3,
    0,
    0,
    0,
    0,
    0,
    0,
    5,
    0,
    0,
    0,
    0,
    0,
    0,
    0,
    4,
    0,
    4,
    0,
    0,
    3,
    0,
    7,
    0,
    0,
    2,
    0,
    2,
    0,
    0,
    1,
    4,
    0,
    3,
    6,
    0,
    2,
    0,
    2,
    5,
    0,
    0,
    0,
    2,
    0,
    7,
    4,
    8,
    6,
    2,
    0,
    2,
    0,
    4,
    2,
    2,
    0,
    2,
    0,
    8
  ],
  "rag_stats": {
    "totalQueries": 8710,
    "successfulRetrievals": 13065,
    "retrievalSuccessRate": 1.5,
    "totalMemories": 3246
  },
  "use_rag": true,
  "use_llm_shaping": true,
  "agent_performance": [
    {
      "agentId": 0,
      "avgReward": 17.165488215488214,
      "successRate": 0.45454545454545453,
      "collisions": 137,
      "algorithm": "mappo"
    },
    {
      "agentId": 1,
      "avgReward": 17.012626262626263,
      "successRate": 0.5656565656565656,
      "collisions": 137,
      "algorithm": "mappo"
    }
  ],
  "saved_at": "2026-05-13T00:00:23.479087",
  "heterogeneous": false,
  "algorithms": [
    {
      "agent_id": 0,
      "algorithm": "mappo"
    },
    {
      "agent_id": 1,
      "algorithm": "mappo"
    }
  ]
}