{
  "session_id": "a2be515d-f5f4-4456-a2f8-7f9155c4b9c4",
  "config": {
    "environment_type": "simple",
    "num_episodes": 100,
    "learning_rate": 0.0003,
    "gamma": 0.99,
    "use_rag": true,
    "use_llm_shaping": true,
    "heterogeneous": false,
    "algorithms": null
  },
  "rewards": [
    1082.0,
    1103.0,
    1031.0,
    814.0,
    1152.0,
    1052.0,
    1147.0,
    1236.0,
    1181.0,
    819.0,
    1190.0,
    512.0,
    1220.0,
    1130.0,
    646.0,
    832.0,
    319.0,
    776.0,
    1031.0,
    847.0,
    584.0,
    914.0,
    874.0,
    811.0,
    839.4,
    848.0,
    848.0,
    525.0,
    1214.0,
    1274.0,
    713.0,
    981.0,
    1007.4814814814815,
    1124.0,
    1088.0,
    735.0,
    931.0,
    728.5999999999999,
    649.0,
    1115.0,
    1235.0,
    1334.2,
    655.0,
    765.0,
    694.0,
    1010.0,
    583.0,
    645.0,
    682.0,
    620.0,
    283.5,
    872.0,
    628.0,
    708.0,
    1190.0,
    1082.0,
    919.0,
    1130.0,
    926.0,
    718.0,
    641.0,
    863.0,
    974.0,
    719.0,
    863.0,
    988.0,
    778.0,
    1266.0,
    1078.0,
    1063.0,
    1156.0,
    1116.0,
    1181.3793103448274,
    935.0,
    571.5,
    577.0,
    728.0,
    1194.0,
    1197.5278622087133,
    1156.0,
    624.0,
    1046.0,
    661.0,
    1169.0,
    794.0,
    1156.0,
    1126.0,
    1161.0,
    1147.0,
    834.0,
    636.0,
    1173.0,
    818.0,
    969.0,
    851.0,
    1117.0,
    528.0,
    801.8666666666667,
    680.0
  ],
  "episode_lengths": [
    40,
    50,
    50,
    50,
    50,
    50,
    50,
    50,
    50,
    45,
    50,
    50,
    50,
    50,
    50,
    50,
    50,
    30,
    50,
    50,
    50,
    50,
    50,
    29,
    50,
    50,
    50,
    50,
    47,
    50,
    50,
    50,
    50,
    50,
    50,
    50,
    50,
    50,
    50,
    50,
    50,
    50,
    50,
    50,
    50,
    50,
    50,
    50,
    50,
    50,
    6,
    50,
    50,
    26,
    50,
    50,
    50,
    50,
    50,
    50,
    50,
    37,
    35,
    50,
    35,
    50,
    36,
    50,
    50,
    50,
    50,
    50,
    50,
    50,
    50,
    50,
    50,
    50,
    50,
    50,
    50,
    50,
    50,
    49,
    33,
    41,
    50,
    50,
    50,
    50,
    23,
    50,
    50,
    50,
    39,
    50,
    23,
    50,
    50
  ],
  "success_rates": [
    1.0,
    0.5,
    0.5,
    0.5,
    0.5,
    0.5,
    0.5,
    0.5,
    0.5,
    1.0,
    0.5,
    0.0,
    0.5,
    0.5,
    0.0,
    0.5,
    0.0,
    1.0,
    0.5,
    0.5,
    0.0,
    0.5,
    0.5,
    1.0,
    0.0,
    0.5,
    0.5,
    0.0,
    1.0,
    0.5,
    0.0,
    0.5,
    0.5,
    0.5,
    0.5,
    0.0,
    0.5,
    0.0,
    0.0,
    0.5,
    0.5,
    0.5,
    0.0,
    0.0,
    0.0,
    0.5,
    0.0,
    0.0,
    0.0,
    0.0,
    1.0,
    0.5,
    0.0,
    1.0,
    0.5,
    0.5,
    0.5,
    0.5,
    0.5,
    0.0,
    0.5,
    1.0,
    1.0,
    0.0,
    1.0,
    0.5,
    1.0,
    0.5,
    0.5,
    0.5,
    0.5,
    0.5,
    0.5,
    0.0,
    0.0,
    0.0,
    0.0,
    0.5,
    0.5,
    0.5,
    0.0,
    0.5,
    0.0,
    1.0,
    1.0,
    1.0,
    0.5,
    0.5,
    0.5,
    0.0,
    1.0,
    0.5,
    0.0,
    0.5,
    1.0,
    0.5,
    1.0,
    0.0,
    0.0
  ],
  "collision_counts": [
    2,
    0,
    0,
    2,
    0,
    0,
    3,
    1,
    2,
    0,
    0,
    0,
    0,
    4,
    0,
    0,
    0,
    0,
    10,
    0,
    0,
    1,
    0,
    0,
    4,
    0,
    0,
    2,
    0,
    0,
    4,
    0,
    0,
    0,
    4,
    2,
    0,
    4,
    0,
    10,
    0,
    0,
    0,
    4,
    18,
    2,
    0,
    0,
    2,
    4,
    0,
    4,
    4,
    0,
    3,
    0,
    0,
    1,
    2,
    4,
    8,
    0,
    0,
    6,
    0,
    0,
    0,
    1,
    0,
    0,
    0,
    0,
    0,
    0,
    0,
    6,
    4,
    2,
    2,
    0,
    0,
    0,
    0,
    0,
    0,
    0,
    0,
    0,
    0,
    2,
    0,
    0,
    6,
    2,
    0,
    0,
    0,
    0,
    4
  ],
  "rag_stats": {
    "totalQueries": 9348,
    "successfulRetrievals": 14022,
    "retrievalSuccessRate": 1.5,
    "totalMemories": 3737
  },
  "use_rag": true,
  "use_llm_shaping": true,
  "agent_performance": [
    {
      "agentId": 0,
      "avgReward": 15.366498316498316,
      "successRate": 0.47474747474747475,
      "collisions": 146,
      "algorithm": "mappo"
    },
    {
      "agentId": 1,
      "avgReward": 16.043265993265994,
      "successRate": 0.3939393939393939,
      "collisions": 146,
      "algorithm": "mappo"
    }
  ],
  "saved_at": "2026-05-13T00:58:34.876065",
  "heterogeneous": false,
  "algorithms": [
    {
      "agent_id": 0,
      "algorithm": "mappo"
    },
    {
      "agent_id": 1,
      "algorithm": "mappo"
    }
  ]
}