{
  "session_id": "a7658721-608d-418f-93a9-1c91d692c10a",
  "config": {
    "environment_type": "medium",
    "num_episodes": 100,
    "learning_rate": 0.0003,
    "gamma": 0.99,
    "use_rag": true,
    "use_llm_shaping": true,
    "heterogeneous": false,
    "algorithms": null
  },
  "rewards": [
    41.3,
    490.70000000000044,
    646.4432999062408,
    432.9999999999997,
    200.74839743589726,
    511.3000000000001,
    196.35831463007915,
    369.62290083328486,
    846.6000000000006,
    806.8711414486161,
    53.48461538461544,
    1016.0951923076918,
    931.9805824894063,
    260.26535947712404,
    1037.7909592304713,
    883.1690739920246,
    212.58150579150586,
    1114.1109805959802,
    959.6000000000006,
    886.4039227166271,
    268.4497521612481,
    590.2674999999999,
    194.39999999999986,
    196.59999999999994,
    733.5000000000002,
    1201.2999999999986,
    760.4000000000004,
    626.8,
    341.6691346311065,
    354.3186082929434,
    297.02679738562136,
    365.366880080395,
    393.90176732735995,
    749.7000000000006,
    164.57058823529422,
    361.7274509803924,
    284.95555555555546,
    726.5999999999998,
    320.88888888888886,
    418.70000000000016,
    357.1785914064176,
    903.5428571428578,
    927.8614379084972,
    328.2000000000002,
    370.45294117647035,
    217.60000000000022,
    1092.7999999999988,
    369.21666666666664,
    316.08161764705886,
    408.22315589174974,
    890.585483870967,
    352.264705882353,
    304.83333333333326,
    1023.8000000000011,
    460.55351188292343,
    1097.7666760037346,
    981.8470588235293,
    289.52555344718536,
    502.84488741232934,
    354.0443436293438,
    227.64505579280888,
    366.10174603174613,
    286.0000000000002,
    448.1307692307691,
    323.3000000000001,
    471.7632034206829,
    459.0126337605209,
    585.0773124948653,
    570.6792550671953,
    1022.5874999999994,
    1109.1000000000004,
    653.8039215686274,
    379.21891891891875,
    435.8640727835851,
    368.16451612903234,
    248.6999999999999,
    211.12380952380988,
    589.444504147813,
    475.13664596273327,
    581.0999999999993,
    700.8999999999999,
    723.1000000000004,
    857.5000000000013,
    1027.2424986546762,
    805.9769998697437,
    445.2323284313727,
    385.40888888888884,
    292.2000000000001,
    532.731365792249,
    385.5484320131374,
    916.1794871794872,
    374.009401709402,
    379.4437500000002,
    604.418292210404,
    496.29367647058837,
    327.10000000000025,
    647.6067599178124,
    830.003655083655,
    389.47932249577184
  ],
  "episode_lengths": [
    100,
    100,
    100,
    100,
    100,
    100,
    100,
    100,
    100,
    100,
    100,
    100,
    100,
    100,
    100,
    100,
    100,
    100,
    79,
    100,
    100,
    100,
    100,
    100,
    100,
    100,
    100,
    100,
    100,
    100,
    100,
    100,
    100,
    100,
    100,
    100,
    100,
    100,
    100,
    100,
    100,
    100,
    100,
    100,
    100,
    100,
    100,
    100,
    100,
    100,
    100,
    100,
    100,
    91,
    100,
    100,
    100,
    100,
    100,
    100,
    100,
    100,
    100,
    100,
    100,
    100,
    100,
    100,
    100,
    100,
    100,
    100,
    100,
    100,
    100,
    100,
    100,
    100,
    100,
    100,
    100,
    100,
    100,
    100,
    100,
    100,
    100,
    100,
    100,
    100,
    100,
    100,
    100,
    100,
    100,
    100,
    100,
    100,
    100
  ],
  "success_rates": [
    0.0,
    0.3333333333333333,
    0.3333333333333333,
    0.6666666666666666,
    0.0,
    0.3333333333333333,
    0.0,
    0.3333333333333333,
    0.3333333333333333,
    0.3333333333333333,
    0.0,
    0.6666666666666666,
    0.6666666666666666,
    0.0,
    0.3333333333333333,
    0.6666666666666666,
    0.0,
    0.6666666666666666,
    1.0,
    0.6666666666666666,
    0.0,
    0.6666666666666666,
    0.0,
    0.0,
    0.3333333333333333,
    0.6666666666666666,
    0.6666666666666666,
    0.6666666666666666,
    0.0,
    0.0,
    0.0,
    0.0,
    0.0,
    0.3333333333333333,
    0.0,
    0.0,
    0.0,
    0.3333333333333333,
    0.0,
    0.3333333333333333,
    0.0,
    0.3333333333333333,
    0.3333333333333333,
    0.0,
    0.0,
    0.0,
    0.6666666666666666,
    0.0,
    0.0,
    0.0,
    0.3333333333333333,
    0.0,
    0.0,
    1.0,
    0.0,
    0.3333333333333333,
    0.3333333333333333,
    0.0,
    0.0,
    0.0,
    0.0,
    0.0,
    0.0,
    0.0,
    0.0,
    0.0,
    0.0,
    0.3333333333333333,
    0.0,
    0.6666666666666666,
    0.6666666666666666,
    0.3333333333333333,
    0.0,
    0.0,
    0.0,
    0.0,
    0.0,
    0.3333333333333333,
    0.3333333333333333,
    0.3333333333333333,
    0.6666666666666666,
    0.3333333333333333,
    0.3333333333333333,
    0.3333333333333333,
    0.3333333333333333,
    0.0,
    0.0,
    0.0,
    0.3333333333333333,
    0.0,
    0.3333333333333333,
    0.0,
    0.0,
    0.3333333333333333,
    0.3333333333333333,
    0.0,
    0.3333333333333333,
    0.3333333333333333,
    0.0
  ],
  "collision_counts": [
    24,
    33,
    22,
    45,
    19,
    15,
    22,
    49,
    10,
    18,
    40,
    27,
    27,
    17,
    16,
    15,
    33,
    5,
    5,
    19,
    29,
    16,
    20,
    27,
    19,
    12,
    34,
    16,
    9,
    18,
    13,
    10,
    29,
    9,
    43,
    13,
    21,
    12,
    10,
    10,
    13,
    5,
    6,
    7,
    6,
    16,
    3,
    6,
    17,
    7,
    7,
    7,
    12,
    5,
    10,
    3,
    3,
    21,
    4,
    17,
    73,
    7,
    19,
    7,
    4,
    14,
    14,
    2,
    10,
    7,
    1,
    6,
    13,
    5,
    10,
    17,
    45,
    5,
    12,
    18,
    4,
    8,
    0,
    2,
    12,
    6,
    4,
    20,
    2,
    7,
    5,
    3,
    10,
    4,
    16,
    8,
    9,
    16,
    9
  ],
  "rag_stats": {
    "totalQueries": 19740,
    "successfulRetrievals": 29608,
    "retrievalSuccessRate": 1.4998986828774064,
    "totalMemories": 3007
  },
  "agent_performance": [
    {
      "agentId": 0,
      "avgReward": 2.827880294179314,
      "successRate": 0.20202020202020202,
      "collisions": 1440,
      "algorithm": "mappo"
    },
    {
      "agentId": 1,
      "avgReward": 1.9049071099561297,
      "successRate": 0.1717171717171717,
      "collisions": 1440,
      "algorithm": "mappo"
    },
    {
      "agentId": 2,
      "avgReward": 3.4914524073347604,
      "successRate": 0.2828282828282828,
      "collisions": 1440,
      "algorithm": "mappo"
    }
  ],
  "saved_at": "2026-05-12T23:13:42.669373",
  "heterogeneous": false,
  "algorithms": [
    {
      "agent_id": 0,
      "algorithm": "mappo"
    },
    {
      "agent_id": 1,
      "algorithm": "mappo"
    },
    {
      "agent_id": 2,
      "algorithm": "mappo"
    }
  ]
}