{
  "session_id": "cd3120e4-1dca-45c3-b86a-4078739813ff",
  "config": {
    "environment_type": "simple",
    "num_episodes": 100,
    "learning_rate": 0.0003,
    "gamma": 0.99,
    "use_rag": true,
    "use_llm_shaping": true,
    "heterogeneous": false,
    "algorithms": null
  },
  "rewards": [
    267.8000000000002,
    414.8000000000004,
    48.99999999999996,
    210.24000000000004,
    67.60000000000002,
    343.00000000000017,
    53.33333333333332,
    165.4,
    324.40000000000026,
    355.6000000000003,
    89.60000000000001,
    274.2000000000001,
    199.89999999999992,
    304.7000000000001,
    25.399999999999984,
    376.2000000000003,
    71.3,
    98.29999999999993,
    377.70000000000016,
    227.7333333333333,
    366.8000000000002,
    220.36,
    272.7,
    71.49999999999994,
    92.82666666666664,
    132.29999999999987,
    358.8000000000002,
    89.5999999999999,
    175.59999999999997,
    366.90000000000015,
    95.19599999999997,
    100.99999999999994,
    382.8000000000004,
    269.9000000000001,
    431.2000000000002,
    369.90000000000015,
    92.20000000000002,
    282.40000000000003,
    224.02758620689647,
    117.99999999999987,
    340.5000000000003,
    107.89999999999986,
    249.4,
    388.50000000000034,
    63.499999999999986,
    344.0000000000003,
    321.0,
    121.59999999999995,
    117.23103448275863,
    405.1000000000003,
    306.4000000000001,
    362.80000000000024,
    162.29,
    74.19999999999995,
    204.59999999999994,
    54.90000000000001,
    264.2,
    213.20000000000002,
    379.50000000000006,
    213.5,
    292.80000000000007,
    105.0,
    104.09999999999998
  ],
  "episode_lengths": [
    50,
    50,
    50,
    50,
    50,
    50,
    50,
    17,
    50,
    50,
    50,
    26,
    50,
    34,
    50,
    50,
    50,
    50,
    50,
    50,
    32,
    50,
    50,
    50,
    50,
    50,
    50,
    50,
    11,
    50,
    50,
    50,
    50,
    50,
    50,
    50,
    50,
    50,
    50,
    50,
    50,
    50,
    50,
    50,
    50,
    50,
    50,
    50,
    50,
    50,
    50,
    50,
    50,
    50,
    50,
    50,
    50,
    13,
    50,
    39,
    25,
    50,
    50
  ],
  "success_rates": [
    0.5,
    0.5,
    0.0,
    0.5,
    0.0,
    0.5,
    0.0,
    1.0,
    0.5,
    0.5,
    0.0,
    1.0,
    0.5,
    1.0,
    0.0,
    0.5,
    0.0,
    0.0,
    0.5,
    0.5,
    1.0,
    0.5,
    0.5,
    0.0,
    0.0,
    0.0,
    0.5,
    0.0,
    1.0,
    0.5,
    0.0,
    0.0,
    0.5,
    0.5,
    0.5,
    0.5,
    0.0,
    0.5,
    0.5,
    0.0,
    0.5,
    0.0,
    0.5,
    0.5,
    0.0,
    0.5,
    0.5,
    0.0,
    0.0,
    0.5,
    0.5,
    0.5,
    0.5,
    0.0,
    0.5,
    0.0,
    0.5,
    1.0,
    0.5,
    1.0,
    1.0,
    0.0,
    0.0
  ],
  "collision_counts": [
    0,
    1,
    2,
    4,
    0,
    0,
    2,
    0,
    2,
    4,
    0,
    2,
    0,
    0,
    0,
    2,
    4,
    0,
    3,
    0,
    0,
    14,
    0,
    4,
    0,
    0,
    0,
    6,
    2,
    0,
    0,
    0,
    0,
    0,
    2,
    3,
    4,
    4,
    2,
    0,
    2,
    6,
    2,
    0,
    2,
    0,
    0,
    0,
    0,
    0,
    2,
    2,
    2,
    0,
    0,
    12,
    2,
    0,
    0,
    0,
    0,
    6,
    0
  ],
  "rag_stats": {
    "totalQueries": 5924,
    "successfulRetrievals": 8886,
    "retrievalSuccessRate": 1.5,
    "totalMemories": 2789
  },
  "agent_performance": [
    {
      "agentId": 0,
      "avgReward": 6.444444444444444,
      "successRate": 0.42857142857142855,
      "collisions": 105,
      "algorithm": "mappo"
    },
    {
      "agentId": 1,
      "avgReward": 6.248253968253968,
      "successRate": 0.3333333333333333,
      "collisions": 105,
      "algorithm": "mappo"
    }
  ],
  "saved_at": "2026-05-12T20:32:03.275081",
  "heterogeneous": false,
  "algorithms": [
    {
      "agent_id": 0,
      "algorithm": "mappo"
    },
    {
      "agent_id": 1,
      "algorithm": "mappo"
    }
  ]
}