{
  "session_id": "f9a92df4-a31f-4f3e-a358-919e7489f1cf",
  "config": {
    "environment_type": "simple",
    "num_episodes": 100,
    "learning_rate": 0.0003,
    "gamma": 0.99,
    "use_rag": true,
    "use_llm_shaping": true,
    "heterogeneous": false,
    "algorithms": null
  },
  "rewards": [
    95.2,
    393.79999999999984,
    23.80000000000001,
    318.90000000000003,
    205.2,
    297.1000000000001,
    185.8,
    7.900000000000007,
    396.1,
    350.4000000000001,
    371.5000000000001,
    210.69999999999996,
    77.39999999999995,
    373.60000000000053,
    341.50000000000006,
    -2.7000000000000046,
    130.09999999999997,
    264.60000000000014,
    332.6,
    134.89999999999998,
    44.20000000000002,
    27.30000000000001
  ],
  "episode_lengths": [
    50,
    50,
    50,
    40,
    17,
    50,
    11,
    50,
    47,
    30,
    50,
    14,
    50,
    50,
    50,
    50,
    50,
    50,
    50,
    50,
    50,
    50
  ],
  "success_rates": [
    0.5,
    0.5,
    0.0,
    1.0,
    1.0,
    0.5,
    1.0,
    0.0,
    1.0,
    1.0,
    0.5,
    1.0,
    0.0,
    0.5,
    0.5,
    0.0,
    0.5,
    0.5,
    0.5,
    0.5,
    0.0,
    0.0
  ],
  "collision_counts": [
    0,
    0,
    4,
    1,
    0,
    3,
    0,
    0,
    0,
    0,
    0,
    2,
    8,
    1,
    3,
    10,
    4,
    4,
    0,
    0,
    4,
    8
  ],
  "rag_stats": {
    "totalQueries": 1920,
    "successfulRetrievals": 2880,
    "retrievalSuccessRate": 1.5,
    "totalMemories": 2811
  },
  "agent_performance": [
    {
      "agentId": 0,
      "avgReward": 7.7272727272727275,
      "successRate": 0.45454545454545453,
      "collisions": 52,
      "algorithm": "mappo"
    },
    {
      "agentId": 1,
      "avgReward": 17.73636363636363,
      "successRate": 0.5454545454545454,
      "collisions": 52,
      "algorithm": "mappo"
    }
  ],
  "saved_at": "2026-05-12T22:56:09.792399",
  "heterogeneous": false,
  "algorithms": [
    {
      "agent_id": 0,
      "algorithm": "mappo"
    },
    {
      "agent_id": 1,
      "algorithm": "mappo"
    }
  ]
}