{
  "session_id": "fd164e0c-18af-4b4f-8f20-eb180ff8dfb0",
  "config": {
    "environment_type": "simple",
    "num_episodes": 100,
    "learning_rate": 0.0003,
    "gamma": 0.99,
    "use_rag": true,
    "use_llm_shaping": true
  },
  "rewards": [
    272.79999999999995,
    122.49999999999997,
    124.6,
    190.09999999999994,
    256.3,
    49.699999999999996,
    213.00000000000014,
    155.0,
    414.1,
    99.10000000000008,
    292.4000000000001,
    101.59999999999994,
    64.19999999999996,
    216.90000000000003,
    305.70000000000005,
    101.1999999999999,
    203.7999999999999,
    242.8,
    338.70000000000033,
    314.1000000000001,
    270.50000000000006,
    113.39999999999999,
    355.0000000000003,
    237.60000000000002,
    190.1,
    428.3000000000003,
    401.3000000000001,
    415.9000000000004,
    99.89999999999999,
    349.69999999999993,
    288.30000000000007,
    198.1,
    65.1,
    305.00000000000006,
    86.59999999999998,
    345.20000000000016,
    225.79999999999998,
    331.9000000000001,
    414.28000000000026,
    344.2000000000003,
    389.3000000000002,
    295.09999999999997,
    392.4000000000003,
    272.29999999999995,
    246.89999999999995,
    99.29333333333332,
    358.19999999999993,
    397.40000000000043,
    161.99999999999997,
    291.9000000000001,
    266.70000000000005,
    360.7000000000002,
    403.5000000000002,
    260.9000000000001,
    191.29999999999998,
    114.5,
    323.5000000000001,
    217.59999999999997,
    434.8000000000001,
    314.2000000000001,
    147.39999999999998,
    264.80000000000007,
    180.49999999999997,
    183.79999999999998,
    254.10000000000002,
    190.7,
    319.4000000000001,
    238.3,
    348.20000000000016,
    180.39999999999998,
    163.79999999999998,
    429.00000000000045,
    200.5,
    151.49999999999997,
    16.300000000000015,
    168.25999999999993,
    172.49999999999997,
    392.90000000000026,
    182.6,
    214.19999999999996,
    339.90000000000015,
    368.9500000000001,
    131.2,
    317.10000000000014,
    312.50000000000006,
    354.6000000000002,
    330.7,
    309.60000000000014,
    343.6000000000002,
    401.6913385826774,
    405.6000000000003,
    176.9,
    435.40000000000043,
    277.50666666666683,
    332.20000000000016,
    196.7,
    449.40000000000043,
    203.70000000000002,
    162.29999999999998
  ],
  "episode_lengths": [
    50,
    50,
    4,
    50,
    50,
    50,
    50,
    7,
    50,
    50,
    50,
    50,
    50,
    50,
    50,
    50,
    50,
    17,
    50,
    50,
    33,
    50,
    50,
    21,
    10,
    50,
    50,
    50,
    50,
    50,
    43,
    13,
    50,
    24,
    50,
    50,
    15,
    34,
    50,
    50,
    40,
    40,
    50,
    50,
    50,
    50,
    50,
    50,
    9,
    50,
    26,
    50,
    45,
    50,
    13,
    50,
    50,
    21,
    41,
    28,
    11,
    44,
    50,
    10,
    19,
    12,
    50,
    23,
    50,
    9,
    9,
    50,
    18,
    50,
    50,
    50,
    10,
    50,
    12,
    15,
    50,
    40,
    3,
    35,
    43,
    50,
    38,
    33,
    50,
    50,
    50,
    8,
    50,
    50,
    50,
    22,
    50,
    12,
    14
  ],
  "success_rates": [
    0.5,
    0.5,
    1.0,
    0.5,
    0.5,
    0.0,
    0.5,
    1.0,
    0.5,
    0.0,
    0.5,
    0.0,
    0.0,
    0.5,
    0.5,
    0.0,
    0.5,
    1.0,
    0.5,
    0.5,
    1.0,
    0.5,
    0.5,
    1.0,
    1.0,
    0.5,
    0.5,
    0.5,
    0.0,
    0.5,
    1.0,
    1.0,
    0.0,
    1.0,
    0.0,
    0.5,
    1.0,
    1.0,
    0.5,
    0.5,
    1.0,
    1.0,
    0.5,
    0.5,
    0.5,
    0.0,
    0.5,
    0.5,
    1.0,
    0.5,
    1.0,
    0.5,
    1.0,
    0.5,
    1.0,
    0.5,
    0.5,
    1.0,
    1.0,
    1.0,
    1.0,
    1.0,
    0.5,
    1.0,
    1.0,
    1.0,
    0.5,
    1.0,
    0.5,
    1.0,
    1.0,
    0.5,
    1.0,
    0.5,
    0.0,
    0.5,
    1.0,
    0.5,
    1.0,
    1.0,
    0.5,
    1.0,
    1.0,
    1.0,
    1.0,
    0.5,
    1.0,
    1.0,
    0.5,
    0.5,
    0.5,
    1.0,
    0.5,
    0.5,
    0.5,
    1.0,
    0.5,
    1.0,
    1.0
  ],
  "collision_counts": [
    0,
    4,
    0,
    2,
    0,
    6,
    6,
    0,
    0,
    0,
    0,
    4,
    2,
    7,
    5,
    0,
    10,
    0,
    2,
    3,
    1,
    2,
    2,
    0,
    0,
    0,
    3,
    2,
    2,
    2,
    2,
    0,
    0,
    0,
    0,
    4,
    0,
    0,
    0,
    4,
    2,
    0,
    2,
    2,
    2,
    0,
    2,
    1,
    0,
    1,
    0,
    4,
    8,
    4,
    1,
    10,
    2,
    0,
    0,
    0,
    0,
    4,
    8,
    0,
    0,
    0,
    0,
    5,
    4,
    0,
    0,
    0,
    0,
    0,
    2,
    0,
    0,
    0,
    0,
    0,
    6,
    0,
    1,
    4,
    0,
    4,
    2,
    0,
    2,
    3,
    2,
    0,
    0,
    8,
    0,
    0,
    0,
    0,
    2
  ],
  "rag_stats": {
    "totalQueries": 7548,
    "successfulRetrievals": 11322,
    "retrievalSuccessRate": 1.5,
    "totalMemories": 2631
  },
  "agent_performance": [
    {
      "agentId": 0,
      "avgReward": 18.309595959595956,
      "successRate": 0.6868686868686869,
      "collisions": 173
    },
    {
      "agentId": 1,
      "avgReward": 13.285353535353533,
      "successRate": 0.6363636363636364,
      "collisions": 173
    }
  ],
  "saved_at": "2026-05-10T09:11:52.704160"
}